收费项代码|老码|新码|开始日期|结束日期
MXY2444|XR07ABE019B002010100651|XR07ABE019B002010200651|2026/1/1|2026/7/31
MXY1902|XN07XXY322B004010101594|XN07XXY322B004010201594|2026/1/1|2026/7/31
MXY2544|XH01BBS194B002010183199|XH01BBS194B002010283199|2026/1/1|2026/7/31
MXY9647|XR01ADQ082L025020101601|XR01ADQ082L025030101601|2026/1/1|2026/7/31
MXY1637|XD11AXM104T001030102868|XD11AXM104T001040102868|2026/1/1|2026/7/31
MXY2514|XV02DCP072P001010102126|XV02DCP072P001030102126|2026/1/1|2026/7/31
MXY2969|XR03BAB165L023010381450|XR03BAB165L023010281450|2026/1/1|2026/7/31
MXY2756|XC01CAQ120B002010383450|XC01CAQ120B002010183450|2026/1/1|2026/7/31
MXY1320|XA11HAW041B002010103204|XA11HAW041B002010203204|2026/1/1|2026/7/31
MXY2298|XA02BCA211B001010302000|XA02BCA211B001010202000|2026/1/1|2026/7/31
XY9255|XC07ABB087A001020302181|XC07ABB087A001020202181|2026/1/1|2026/7/31
MXY9829|ZC02AAC0115020100454|ZC02AAC0115010100454|2026/1/1|2026/7/31
MXY2041|XN05CDR099B001010102000|XN05CDR099B001010202000|2026/1/1|2026/7/31
MXY1629|XM01AXA165E001010504641|XM01AXA165E001010204641|2026/1/1|2026/7/31
MXY2698|XN07AAX155B002010184135|XN07AAX155B002010284135|2026/1/1|2026/7/31
MXY9430|XA02AXF386N001010501351|XA02AXF386N001010401351|2026/1/1|2026/7/31
mxy9519|XV02DEW103A001010300144|XV02DEW103A001010200144|2026/1/1|2026/7/31
MXY1584|XD01AEE027S001030101495|XD01AEE027S001010101495|2026/1/1|2026/7/31
XY8042|XN01BXD003X007010101749|XN01BXD003X007010201749|2026/1/1|2026/7/31
XY0407|XA12BAF601B002010201669|XA12BAF601B002010301669|2026/1/1|2026/7/31
MXY3112|XL01BAJ025B002010202317|XL01BAJ025B002010102317|2026/1/1|2026/7/31
MXY1757|XH02BXF183B002010104495|XH02BXF183B002030179500|2026/1/1|2026/7/31
XY0492|XL01BAJ025B001030100310|XL01BAJ025B001030200310|2026/1/1|2026/7/31
MXY1594|XJ02ACY061A006010203662|XJ02ACY061A006010303662|2026/1/1|2026/7/31
MXY3064|XJ01CRP018B001020304129|XJ01CRP018B001020104129|2026/1/1|2026/7/31
MXY2714|XL01BCF082B002010100978|XL01BCF082B002010200978|2026/1/1|2026/7/31
MXY1336|ZA12HAX0829020100864|ZA12HAX0829010100864|2026/1/1|2026/7/31
MXY2729|XV03ABN007B002030100052|XV03ABN007B002030200052|2026/1/1|2026/7/31
MXY9753|XG04BXB023E001010100931|XG04BXB023E001010200931|2026/1/1|2026/7/31
MXY2734|XN02BAL023B001060103356|XN02BAL023B001060203356|2026/1/1|2026/7/31
XY0644|XD11AXL173S001060101470|XD11AXL173S001010101470|2026/1/1|2026/7/31
MXY1209|XC01EBD015B002010100651|XC01EBD015B002010200651|2026/1/1|2026/7/31
XY9089|XB03ACZ012B002020101565|XB03ACZ012B002020201565|2026/1/1|2026/7/31
MXY3059|XC03CAF056B002010104451|XC03CAF056B002020104451|2026/1/1|2026/7/31
MXY3065|XJ01DHM046B001020309568|XJ01DHM046B001020109568|2026/1/1|2026/7/31
MXY9601|XJ06BBM149B001010100755|XJ06BBM149B001020100755|2026/1/1|2026/7/31
MXY9544|ZA04BAX0048020105337|ZA04BAX0048020205337|2026/1/1|2026/7/31
XY9182|XM03ACL264B002010104735|XM03ACL264B002030104735|2026/1/1|2026/7/31
MXY1391|XG02AXY084B002010205092|XG02AXY084B002010405092|2026/1/1|2026/7/31
MXY2809|XR05CBA198B002020201871|XR05CBA198B002020101871|2026/1/1|2026/7/31
MXY2999|XG04BXZ059B002010103421|XG04BXZ059B002010203421|2026/1/1|2026/7/31
XY1172|XL01BCJ011B001010301444|XL01BCJ011B001010201444|2026/1/1|2026/7/31
MXY2217|XR06AAB058B002010103216|XR06AAB058B002010203216|2026/1/1|2026/7/31
MXY2801|XB05XAN116B002010103205|XB05XAN116B002020103205|2026/1/1|2026/7/31
XY1235|XA05BAY144B002010201523|XA05BAY144B002010101523|2026/1/1|2026/7/31
MXY2963|XJ01DDT081B001010100450|XJ01DDT081B001090100450|2026/1/1|2026/7/31
MXY1657|XJ01FAK067A001010104187|XJ01FAK067A001010404187|2026/1/1|2026/7/31
MXY2548|XN01AXB122B022030202249|XN01AXB122B022030102249|2026/1/1|2026/7/31
MXY2539|XJ05ABA075B001010201940|XJ05ABA075B001010101940|2026/1/1|2026/7/31
MXY2700|XB05XAL208B002030204145|XB05XAL208B002030104145|2026/1/1|2026/7/31
MXY1602|XC09CAX143E001010704960|XC09CAX143E001010504960|2026/1/1|2026/7/31
MXY1700|XA10BJD332B002020178403|XA10BJD332B002020378403|2026/1/1|2026/7/31
XY8037|XB05XBJ128B002010100801|XB05XBJ128B002010200801|2026/1/1|2026/7/31
MXY2435|XN01AXH115B002010106155|XN01AXH115B002010206155|2026/1/1|2026/7/31
MXY2654|XA03ADY181B002010101708|XA03ADY181B002010201708|2026/1/1|2026/7/31
MXY2229|XL02BGY096A001010104021|XL02BGY096A001010204021|2026/1/1|2026/7/31
MXY9913|ZC01AAF0479020302970|ZC01AAF0479020102970|2026/1/1|2026/7/31
MXY1628|XC10AAP051A001020301729|XC10AAP051A001020201729|2026/1/1|2026/7/31
MXY3055|XN07CAB046B002010303987|XN07CAB046B002010103987|2026/1/1|2026/7/31
MXY2355|XM09AXL176B001020103726|XM09AXL176B001020203726|2026/1/1|2026/7/31
MXY2740|XC01CAJ097B002010100874|XC01CAJ097B002020100874|2026/1/1|2026/7/31
XY9088|XC01DAD024B014010304152|XC01DAD024B014010104152|2026/1/1|2026/7/31
XY8213|XC05CAQ005B014030104139|XC05CAQ005B014030204139|2026/1/1|2026/7/31
MXY1793|XA02BAX011B002010205840|XA02BAX011B002010105840|2026/1/1|2026/7/31
MXY1323|XA11GAW043B002020103257|XA11GAW043B002020203257|2026/1/1|2026/7/31
MXY1654|XB02BAW055B002010101708|XB02BAW055B002010201708|2026/1/1|2026/7/31
MXY9860|XN05AHK094A001010201649|XN05AHK094A001010101649|2026/1/1|2026/7/31
MXY2697|XA03AXJ096B002010101565|XA03AXJ096B002010201565|2026/1/1|2026/7/31
MXY2953|XM01AEB173B004010102181|XM01AEB173B004010202181|2026/1/1|2026/7/31
MXY1550|XV01AAC025X002010101630|XV01AAC025X002020201630|2026/1/1|2026/7/31
MXY1651|XA10XXL154B002010202959|XA10XXL154B002010102959|2026/1/1|2026/7/31
MXY2412|XC08CAZ067A001010102690|XC08CAZ067A001010602690|2026/1/1|2026/7/31
XY8308|XA16AXW071B014020200344|XA16AXW071B014020100344|2026/1/1|2026/7/31
MXY2939|XJ01DCT070B003010202296|XJ01DCT070B003010102296|2026/1/1|2026/7/31
MXY3012|XJ01DCT070B001010205758|XJ01DCT070B001010105758|2026/1/1|2026/7/31
XY0046|XA03BAA068B002010103257|XA03BAA068B002010203257|2026/1/1|2026/7/31
MXY3108|XJ01DBT103B001020181979|XJ01DBT103B001020281979|2026/1/1|2026/7/31
MXY2102|XV08ABD107B002020100621|XV08ABD107B002010200621|2026/1/1|2026/7/31
MXY9713|XC10AAX147A001020104658|XC10AAX147A001020304658|2026/1/1|2026/7/31
MXY2723|XL01XAK014B002010104021|XL01XAK014B002010204021|2026/1/1|2026/7/31
XY9129|XA10BDE023A001010101748|XA10BDE023A001010182147|2026/1/1|2026/7/31
MXY2549|XB05BCG162B002020204075|XB05BCG162B002030204075|2026/1/1|2026/7/31
MXY1798|XH01BXC048B002010204945|XH01BXC048B002010104945|2026/1/1|2026/7/31
MXY9919|XD03AXC078U001020100612|XD03AXN125U001020100612|2026/1/1|2026/7/31
MXY1567|XL02AEG063J004010101359|XL02AEG063J004010278241|2026/1/1|2026/7/31
MXY1091|XN03AAB049B001010104799|XN03AAB049B001010204799|2026/1/1|2026/7/31
MXY3046|XJ01FFK073B002020100377|XJ01FFK073B002040200377|2026/1/1|2026/7/31
XY0959|XL01XAS166B014010104021|XL01XAS166B014010204021|2026/1/1|2026/7/31
MXY9979|XV03ABY205B002010100651|XV03ABY205B002010200651|2026/1/1|2026/7/31
MXY1937|XJ01DBT103B001010204021|XJ01DBT103B001010104021|2026/1/1|2026/7/31
MXY2306|XC01DAX072B002030200202|XC01DAX072B002030300202|2026/1/1|2026/7/31
MXY1398|XH01BAQ117B002010205842|XH01BAQ117B002010105842|2026/1/1|2026/7/31
MXY3094|XN06DAJ021B002010501504|XN06DAJ021B002010101504|2026/1/1|2026/7/31
MXY2078|XC03CAB176B001020205765|XC03CAB176B001020105765|2026/1/1|2026/7/31
MXY2718|XC01CAD163B002010209910|XC01CAD163B002010109910|2026/1/1|2026/7/31
MXY2405|XV03ABW091B002010101435|XV03ABW091B002030101435|2026/1/1|2026/7/31
MXY2563|XC01CAD162B002020284283|XC01CAD162B002020184283|2026/1/1|2026/7/31
MXY1895|XC02DDX070B001010100289|XC02DDX070B001010200289|2026/1/1|2026/7/31
XY0193|ZA12CAD0087010103962|ZA12CAD0087040103962|2026/1/1|2026/7/31
MXY9334|XJ01FFK120A006030701012|XJ01FFK120A006030501012|2026/1/1|2026/7/31
MXY2551|XC02CAW069B002010202312|XC02CAW069B002030102312|2026/1/1|2026/7/31
MXY1104|XR06ADY136B002010103204|XR06ADY136B002010203204|2026/1/1|2026/7/31
MXY2081|XA06AGK111S004020600830|XA06AGK111S004020200830|2026/1/1|2026/7/31
XY8890|XN07XXX139B002010101190|XN07XXX139B002010201190|2026/1/1|2026/7/31
MXY3043|XR03ACT022L008010184446|XR03ACT022L020010184446|2026/1/1|2026/7/31
MX1782|XM02AXH005B002010103141|XM02AXH005B002010303141|2026/1/1|2026/7/31
MXY1683|XD07ACK037F002020101808|XD07ACK037F002010101808|2026/1/1|2026/7/31
MXY2042|XA10AEG025B002030278820|XA10AEG025B002040181708|2026/1/1|2026/7/31
MXY2546|XH01BBK007B002010383233|XH01BBK007B002010183233|2026/1/1|2026/7/31
MXY2996|XJ01DDT088B013010104021|XJ01DDT088B013010204021|2026/1/1|2026/7/31
MXY2608|XR07ABN040B002010102994|XR07ABN040B002010202994|2026/1/1|2026/7/31
MXY2097|ZA09AAC0505030203793|ZA09AAC0505030103793|2026/1/1|2026/7/31
MXY1660|XG03CAC050U001020101945|XG03CAC050U001010101945|2026/1/1|2026/7/31
MXY1864|XV08ABD107B002080200839|XV08ABD107B002080100839|2026/1/1|2026/7/31
MXY1538|XB02BXF031B002010103204|XB02BXF031B002010203204|2026/1/1|2026/7/31
MXY2120|XC10AAA067A001010604736|XC10AAA067A001030104736|2026/1/1|2026/7/31
MXY3076|XJ01DCT070B001050200377|XJ01DCT070B001090100377|2026/1/1|2026/7/31
MXY2384|XN02AFB179B002020201877|XN02AFB179B002020101877|2026/1/1|2026/7/31
MXY1593|XJ05ABF003E001010405024|XJ05ABF003E001010105024|2026/1/1|2026/7/31
MXY2103|XN06DAJ021B002020200808|XN06DAJ021B002020100808|2026/1/1|2026/7/31
MXY1869|XA12BAL208A010010181084|XA12BAL208A010020281084|2026/1/1|2026/7/31
MXY2207|XN02BBF168B002010100315|XN02BBF168B002010200315|2026/1/1|2026/7/31
MXY1715|ZA12GAZ0403010100722|ZA12GAZ0403080100722|2026/1/1|2026/7/31
MXY2413|XJ01CRA042B001050104384|XJ01CRA042B001010204384|2026/1/1|2026/7/31
MXY3082|XN02AAN008B002010106155|XN02AAN008B002010206155|2026/1/1|2026/7/31
MXY2425|XJ01DDT081B001070100450|XJ01DDT081B001150100450|2026/1/1|2026/7/31
MXY1105|XB01ABN099B002010207312|XB01ABN099B002010107312|2026/1/1|2026/7/31
MXY2932|XC10AXY310B002020178217|XC10AXY310B002010178217|2026/1/1|2026/7/31
MXY2707|XA04AAG064B002010102305|XA04AAG064B002020102305|2026/1/1|2026/7/31
MXY2206|XR06AXY065A001010104942|XR06AXY065A001010204942|2026/1/1|2026/7/31
MXY2901|XN01AXY337B002010106033|XN01AXY337B002010206033|2026/1/1|2026/7/31
MXY9853|XL01XXB019B002020205440|XL01XXB019B002020105440|2026/1/1|2026/7/31
XY1227|XC01CAY138B002010100673|XC01CAY138B002010200673|2026/1/1|2026/7/31
MXY9974|XA03FAJ085B002010100673|XA03FAJ085B002020100673|2026/1/1|2026/7/31
MXY2496|ZA12BAX0110020103130|ZA12BAX0110020203130|2026/1/1|2026/7/31
MXY2104|ZA12BAX0110010103130|ZA12BAX0110010203130|2026/1/1|2026/7/31
MXY1057|XJ01DCT076B003030202156|XJ01DCT076B003030402156|2026/1/1|2026/7/31
MXY2576|XR07ABL271B002030100137|XR07ABL271B002020100137|2026/1/1|2026/7/31
MXY3075|XM05BAY053B002040202181|XM05BAY053B002040102181|2026/1/1|2026/7/31
XY0162|ZA05CAC0029010102312|ZA05CAC0029050102312|2026/1/1|2026/7/31
MXY3073|XA05BAC059B002010104221|XA05BAC059B002010204221|2026/1/1|2026/7/31
MXY2352|ZA12GAZ0403020100722|ZA12GAZ0403090100722|2026/1/1|2026/7/31
MXY3071|XN05ADF086B002010204777|XN05ADF086B002010104777|2026/1/1|2026/7/31
MXY2959|XN02AXD092B002020101749|XN02AXD092B002020201749|2026/1/1|2026/7/31
MXY9804|XB01ABG047B002040102068|XB01ABG047B002040202068|2026/1/1|2026/7/31
MXY3067|XJ01DDT081B013020104021|XJ01DDT081B001020104021|2026/1/1|2026/7/31
MXY2998|XB02BCN063P013040103091|XB02BCN063P013040203091|2026/1/1|2026/7/31
MXY9444|XM01AXS110E001010205589|XM01AXS110E001010278925|2026/1/1|2026/7/31
MXY2357|XM01ACL238B001010103662|XM01ACL238B001010303662|2026/1/1|2026/7/31
MXY3063|XR03DAD179B002010402763|XR03DAD179B002010202763|2026/1/1|2026/7/31
MXY1577|XV08CAG002B002030200014|XV08CAG002B002030100014|2026/1/1|2026/7/31
XY9072|XN01BBF120B002010404286|XN01BBF120B002010204286|2026/1/1|2026/7/31
MXY2731|XL01XXB019B002010205440|XL01XXB019B002010105440|2026/1/1|2026/7/31
MXY2644|XN05CMY189B002010203098|XN05CMY189B002010103098|2026/1/1|2026/7/31
XY1156|XV03ABY003B002010101453|XV03ABY003B002010201453|2026/1/1|2026/7/31
MXY1450|XA10ABR113B002020103546|XA10ABC118B002010103546|2026/1/1|2026/7/31
MXY2974|XJ01CRP018B001020101877|XJ01CRP018B001020201877|2026/1/1|2026/7/31
MXY1724|XG03EBQ136A001010178271|XG03EBQ136A001010181787|2026/1/1|2026/7/31
XY9285|ZA12HAD0232010105682|ZA12HAD0232010205682|2026/1/1|2026/7/31
MXY2400|XH02ABQ060B001020104233|XH02ABQ060B001020204233|2026/1/1|2026/7/31
XY9160|XN06BXA208B001010402770|XN06BXA208B001010202770|2026/1/1|2026/7/31
MXY1753|ZA04BAQ0397010102820|ZA04BAQ0397010202820|2026/1/1|2026/7/31
XY9264|XB01ADN054B001010101576|XB01ADN054B001010201576|2026/1/1|2026/7/31
MXY2770|XR07AXY034B001020101066|XR07AXY034B001020201066|2026/1/1|2026/7/31
MXY2311|ZA12HAX0869030101842|ZA12HAX0869030201842|2026/1/1|2026/7/31
MXY1607|XA03FAD173A001010203010|XA03FAD173A001010103010|2026/1/1|2026/7/31
MXY2132|XB01ADN054B001050201576|XB01ADN054B001050101576|2026/1/1|2026/7/31
MXY1197|XA03BAS056B002010202065|XA03BAS056B002010102065|2026/1/1|2026/7/31
XY8555|XB02BXJ095B014010207832|XB02BXJ095B014010107832|2026/1/1|2026/7/31
MXY10041|XC02CXY168B002010200239|XC02CXY168B002010300239|2026/1/1|2026/7/31
MXY2568|XC01CAS071B002010301984|XC01CAS071B002010101984|2026/1/1|2026/7/31
MXY2706|XC07ABA086B002010101521|XC07ABA086B002010201521|2026/1/1|2026/7/31
MXY10061|ZA12HAS0775010103783|ZA12HAS0775030103783|2026/1/1|2026/7/31
MXY9311|ZC01AAY0002010101334|ZC01AAY0002010201334|2026/1/1|2026/7/31
MXY2724|XJ01CEQ054B001020103712|XJ01CEQ054B001050203712|2026/1/1|2026/7/31
MXY1848|XN01BBL265B002010104021|XN01BBL265B002010204021|2026/1/1|2026/7/31
MXY2168|ZA12CAD0073010103422|ZA12CAD0073010203422|2026/1/1|2026/7/31
MXY1846|XJ01DCT070B001020104651|XJ01DCT070B001030104651|2026/1/1|2026/7/31
MXY2918|XA02BAF006B002010203216|XA02BAF006B002010103216|2026/1/1|2026/7/31
MXY2407|XJ01CRA042B001060104384|XJ01CRA042B001020204384|2026/1/1|2026/7/31
MXY9870|ZB01CAX0317010103425|ZB01CAX0317010203425|2026/1/1|2026/7/31
MXY1786|XB01ABY273B002020200536|XB01ABY273B002020300536|2026/1/1|2026/7/31
MXY3044|XL01CEY057B002010305847|XL01CEY057B002010105847|2026/1/1|2026/7/31
MXY3007|XA02BCA081B001010101749|XA02BCA081B001010201749|2026/1/1|2026/7/31
XY1247|XS01JAY182B002010178196|XS01JAY182B002010278196|2026/1/1|2026/7/31
MXY2449|XB01ACL396A001010103094|XB01ACL396A001010183807|2026/1/1|2026/7/31
MXY2955|XJ01DDT094B001020204129|XJ01DDT094B001020104129|2026/1/1|2026/7/31
MXY9847|XN06ABS066A001010404647|XN06ABS066A001010304647|2026/1/1|2026/7/31
MXY3038|ZA12HAH0323070203783|ZA12HAH0323070103783|2026/1/1|2026/7/31
MXY2303|XJ01DDT073A001010304864|XJ01DDT073A001010704864|2026/1/1|2026/7/31
MXY2978|XB01ABY273B002020101651|XB01ABY273B002020201651|2026/1/1|2026/7/31
MXY2326|XR05CBY116L019010110349|XR05CBY116L019010210349|2026/1/1|2026/7/31
MXY1328|XL02AEQ108B002020103315|XL02AEQ108B002010103315|2026/1/1|2026/7/31
MXY2376|XR03DAD179B002010204561|XR03DAD179B002010104561|2026/1/1|2026/7/31
MXY2022|XA02BAL050B003010102066|XA02BAL050B003010202066|2026/1/1|2026/7/31
MXY2076|XG03DAH056B002020104735|XG03DAH056B002020204735|2026/1/1|2026/7/31
XY1372|XN07AAX164A001010100748|XN07AAX164A018010100748|2026/1/1|2026/7/31
MXY3031|XL01XAA215B002010105847|XL01XAA215B002010205847|2026/1/1|2026/7/31
MXY9585|XL01DBB116B001010204188|XL01DBB116B001010104188|2026/1/1|2026/7/31
MXY2534|XC01BDA201B002010200816|XC01BDA201B002010100816|2026/1/1|2026/7/31
MXY9740|XJ01XXW070A001010105001|XJ01XXW070A001010205001|2026/1/1|2026/7/31
MXY1884|XA05BAL139B001020205791|XA05BAL139B001020105791|2026/1/1|2026/7/31
MXY1705|XA05BAH112B001040101066|XA05BAH112B001020101066|2026/1/1|2026/7/31
MXY9997|XC01AAQ133B002010101708|XC01AAQ133B002010301708|2026/1/1|2026/7/31
MXY2951|XH02ABJ061B001020201003|XH02ABJ061B001020101003|2026/1/1|2026/7/31
MXY3023|XJ01CFB083B001010202013|XJ01CFB083B001010102013|2026/1/1|2026/7/31
MXY2481|XJ04ACY155B002010100978|XJ04ACY155B002010200978|2026/1/1|2026/7/31
MXY1703|XB03BBY050A001010300011|XB03BBY050A001010100011|2026/1/1|2026/7/31
MXY1653|XR07AXX245B001010310104|XR07AXX245B001010110104|2026/1/1|2026/7/31
MXY1467|XJ01DHY002B001010204188|XJ01DHY002B001010104188|2026/1/1|2026/7/31
MXY2962|XJ01CRP018B001060101651|XJ01CRP018B001040101651|2026/1/1|2026/7/31
MXY1133|ZA04CCS0705030105505|ZA04CCS0705030205505|2026/1/1|2026/7/31
MXY2040|XB02AAA171B014010200151|XB02AAA171B014010100151|2026/1/1|2026/7/31
MXY1347|XC04ACY028B002020100375|XC04ACY028B002020200375|2026/1/1|2026/7/31
MXY1890|XC01DAD024E003020107320|XC01DAD024E003010307320|2026/1/1|2026/7/31
XY9219|XA04AAA202B002010104021|XA04AAA202B002010204021|2026/1/1|2026/7/31
MXY2586|XJ01GBQ072B002010102000|XJ01GBQ072B002010202000|2026/1/1|2026/7/31
XY9267|XJ01CEB113B001010202692|XJ01CEB113B001010102692|2026/1/1|2026/7/31
MXY1841|XC04ACY028B001030103283|XC04ACY028B001030203283|2026/1/1|2026/7/31
MXY9612|XL04AXJ025A001010200818|XL04AXJ025A001010100818|2026/1/1|2026/7/31
MXY9524|ZA16DAS0428010102489|ZA16DAS0428010202489|2026/1/1|2026/7/31
MXY1865|XJ01DDT088B001010280532|XJ01DDT088B001010180532|2026/1/1|2026/7/31
MXY2152|ZC01AAY0002020104661|ZC01AAY0002030104661|2026/1/1|2026/7/31
MXY3006|XA04AAP003B002010102313|XA04AAP003B002020102313|2026/1/1|2026/7/31
MXY2617|XA05BAH112B001030100662|XA05BAH032B001030100662|2026/1/1|2026/7/31
MXY2803|XB01ABG047B002010100918|XB01ABG047B002010200918|2026/1/1|2026/7/31
MXY2542|XA12CCL146B002020100952|XA12CCL146B002020200952|2026/1/1|2026/7/31
XY0469|XL01AAH040B001010301445|XL01AAH040B001010101445|2026/1/1|2026/7/31
MXY1158|XV04CFJ116B001020100186|XV04CFJ116B001020200186|2026/1/1|2026/7/31
XY8248|XM05BAZ079B001010102313|XM05BAZ079B004010102313|2026/1/1|2026/7/31
MXY2991|XL03AAT208B002030204870|XL03AAT208B002030104870|2026/1/1|2026/7/31
MXY1204|XJ01CFB083B003010102673|XJ01CFB083B003010202673|2026/1/1|2026/7/31
MXY2012|XC10AXH118A001010104641|XC10AXH118A001010204641|2026/1/1|2026/7/31
MXY1517|XB01ADX048B002010100112|XB01ADX048B002010200112|2026/1/1|2026/7/31
MXY1122|XN07CAB046B002030202611|XN07CAB046B002020102611|2026/1/1|2026/7/31
MXY2267|XL03ABR105B002020200115|XL03ABC094B002050100115|2026/1/1|2026/7/31
MXY1955|XA04AAA202B002020105847|XA04AAA202B002020204021|2026/1/1|2026/7/31
XY8031|XA10AEJ134B002010101729|XA10AEJ134B002010201729|2026/1/1|2026/7/31
XY8455|XN07XXD022B002020104021|XN07XXD022B002020204021|2026/1/1|2026/7/31
MXY1855|XB05BAZ033B002010102180|XB05BAZ032B002010102180|2026/1/1|2026/7/31
MXY2710|XC04ADJ014B002010204948|XC04ADJ014B002010104948|2026/1/1|2026/7/31
MXY2899|XL01XAA215B001010278821|XL01XAA215B001010180426|2026/1/1|2026/7/31
MXY2954|XB05BBF735B002010283607|XB05BBF735B002010183607|2026/1/1|2026/7/31
MXY2197|XH05BXP123B002010102829|XH05BXP123B002020102829|2026/1/1|2026/7/31
XY0943|ZA12HAS0790020103827|ZA12HAS0790010103827|2026/1/1|2026/7/31
MXY1686|XL01BCA062B001020278720|XL01BCA062B001020101420|2026/1/1|2026/7/31
MXY2783|ZA12CAD0073010102242|ZA12CAD0073010202242|2026/1/1|2026/7/31
MXY9406|XL03AXJ004B002010103205|XL03AXJ004B002010203205|2026/1/1|2026/7/31
MXY1597|XG04BXJ152P001010204028|XG04BXJ152P001010104028|2026/1/1|2026/7/31
MXY1404|XC09CAA257A001020306988|XC09CAA257A001010306988|2026/1/1|2026/7/31
MXY2389|XG02CBX177A001010179164|XG02CBX177A001010279164|2026/1/1|2026/7/31
MXY1337|ZA09HAZ0413010200940|ZA09HAZ0413010100940|2026/1/1|2026/7/31
MXY1275|XL01EBA298A001020279096|XL01XEA298A001020279096|2026/1/1|2026/7/31
XY8379|XB05BBM115B001010103205|XB05BBM115B001010203205|2026/1/1|2026/7/31
MXY2795|ZA12HAX0869010101267|ZA12HAX0869010201267|2026/1/1|2026/7/31
MXY2659|XL01XAK014B001010202557|XL01XAK014B001010102557|2026/1/1|2026/7/31
MXY1463|XA02BAL050B002010203202|XA02BAL050B002010403202|2026/1/1|2026/7/31
XY9277|XB05BBP072B002020601871|XB05BBP072B002020201871|2026/1/1|2026/7/31
MXY9606|XA07FAD090E001010501161|XA07FAD090E001010301161|2026/1/1|2026/7/31
MXY1924|XS01XAQ020E001010305911|XS01XAQ020E001020605911|2026/1/1|2026/7/31
MXY1847|XJ01DDT094B001020201041|XJ01DDT094B001040101041|2026/1/1|2026/7/31
MXY2130|XL01BCA062B001010278720|XL01BCA062B001010101420|2026/1/1|2026/7/31
MXY2904|XR05CBX169B002010204723|XR05CBX169B002010104723|2026/1/1|2026/7/31
MXY2468|XR05FBM153K001020179141|XR05FBM153K001020279141|2026/1/1|2026/7/31
MXY2208|XH02ABJ061B001010200933|XH02ABJ061B001010300933|2026/1/1|2026/7/31
MXY9566|XJ01DDT081B001050200377|XJ01DDT081B001050300377|2026/1/1|2026/7/31
MXY10096|XA03BAX232B002010104494|XA03BAX232B002010204494|2026/1/1|2026/7/31
MXY1622|XG04CBF019A001010101862|XG04CBF019A001010301862|2026/1/1|2026/7/31
MXY1879|XH05BXX224A001010110349|XH05BXX224A001010510349|2026/1/1|2026/7/31
MXY1747|XN06AXD151A012010101435|XN06AXD151E005010102770|2026/1/1|2026/7/31
MXY1909|XJ01CRP018B001060102692|XJ01CRP018B001060202692|2026/1/1|2026/7/31
MXY1552|XR03ACS048L019030110349|XR03ACS048L019020110349|2026/1/1|2026/7/31
MXY2089|XN01ABQ001L020010100675|XN01ABQ001L019010100675|2026/1/1|2026/7/31
MXY2799|XA02BCP025B001010201066|XA02BCP025B001010101066|2026/1/1|2026/7/31
MXY1857|XA04AAP003B002010201445|XA04AAP003B002010101445|2026/1/1|2026/7/31
MXY1861|XJ01DCT070B001040204651|XJ01DCT070B001040104651|2026/1/1|2026/7/31
MXY9454|ZA12CAD0087020103962|ZA12CAD0087020203962|2026/1/1|2026/7/31
MXY10015|XJ05APL052B002010101884|XJ05APL052B002020101884|2026/1/1|2026/7/31
MXY2415|XB01ABY273B002010103951|XB01ABY273B002010203951|2026/1/1|2026/7/31
MXY1210|XV03AFY023B001010300568|XV03AFY023B001010200568|2026/1/1|2026/7/31
MXY2755|XJ01CRA112B001020202692|XJ01CRA112B001020102692|2026/1/1|2026/7/31
MXY9607|XC08CAL042A001010101034|XC08CAL042A001010301034|2026/1/1|2026/7/31
MXY2565|XA11GAW043B002020101866|XA11GAW043B002020201866|2026/1/1|2026/7/31
MXY1745|XL01AAH040B001010178259|XL01AAH040B001010278259|2026/1/1|2026/7/31
MXY9786|XN05ADF085B002010104917|XN05ADF085B002010204917|2026/1/1|2026/7/31
MXY9734|ZA07AAX0718030201697|ZA07AAX0718030501697|2026/1/1|2026/7/31
XY8404|XA10AED087B002010178997|XA10AED087B002010107103|2026/1/1|2026/7/31
MXY1563|XH01ACR108B001050203315|XH01ACR108B001050103315|2026/1/1|2026/7/31
XY8009|XA03FAJ085B002010103257|XA03FAJ085B002020103257|2026/1/1|2026/7/31
MXY9477|XC01DXN039A001010102448|XC01DXN039A001010202448|2026/1/1|2026/7/31
XY0102|XB02BXB011B001020101190|XB02BXB011B001020201190|2026/1/1|2026/7/31
MXY9653|XJ01CFB083B001010302777|XJ01CFB083B001010102777|2026/1/1|2026/7/31
XY1149|XB02BXM155B014020204017|XB02BXM155B014020304017|2026/1/1|2026/7/31
MXY2786|XA11HAY031B002010100375|XA11HAY031B002010200375|2026/1/1|2026/7/31
XY8004|XN05AAL192B002020100673|XN05AAL192B002020200673|2026/1/1|2026/7/31
MXY1830|XG01AFJ070U004010200107|XG01AFJ070U004010100107|2026/1/1|2026/7/31
MXY9878|XC04AFY101A012010201379|XC04AFY101A012010101379|2026/1/1|2026/7/31
MXY9370|XA02BXR065E001010309568|XA02BXR065E001010209568|2026/1/1|2026/7/31
MXY2388|XR03DAE030B002010103202|XR03DAE030B002010203202|2026/1/1|2026/7/31
mxy9522|XB05XAL211B002020300967|XB05XAL211B002020100967|2026/1/1|2026/7/31
MXY1950|XR05FBF273X001010102126|XR05FBF273X001010202126|2026/1/1|2026/7/31
MXY1893|XN07XXB221A001010305295|XN07XXB221A001010205295|2026/1/1|2026/7/31
MXY1823|XN01AXY095B022010201436|XN01AXY095B022010101436|2026/1/1|2026/7/31
MXY2121|XA02BCL043B001010301425|XA02BCL043B001010101425|2026/1/1|2026/7/31
MXY1738|XA02BCP025B001010201425|XA02BCP025B001010101425|2026/1/1|2026/7/31
XY9269|XA11DAW036B002010101884|XA11DAW036B002010201884|2026/1/1|2026/7/31
MXY2426|XB02AAA172B002010306725|XB02AAA172B002010106725|2026/1/1|2026/7/31
XY1051|XB03BAW037B002010103205|XB03BAW037B002010203205|2026/1/1|2026/7/31
MXY1560|XC01BBL054B002010405006|XC01BBL054B002010205006|2026/1/1|2026/7/31
MXY2424|XC03CAF056B002010100874|XC03CAF056B002020100874|2026/1/1|2026/7/31
MXY1898|XH02ABQ082B002030204735|XH02ABQ082B002030104735|2026/1/1|2026/7/31
MXY3102|XJ01CRA042B003020102673|XJ01CRA042B003020202673|2026/1/1|2026/7/31
MXY3058|XJ01CRP018B001030201877|XJ01CRP018B001030101877|2026/1/1|2026/7/31
MXY3077|XJ01DDT094B001020200507|XJ01DDT094B001020100507|2026/1/1|2026/7/31
MXY2432|XM01ABT149B002010101751|XM01ABT149B002020101751|2026/1/1|2026/7/31
MXY9908|XM01AEF063V006010100156|XM01AEF063V006020179412|2026/1/1|2026/7/31
MXY2560|XN07XXB220B002020501871|XN07XXB220B002020201871|2026/1/1|2026/7/31
